Strain,Protein,Mutation,Position_AA,closestNterm_A549,distFromClosest_A549,within_10_AA_A549,within_5_AA_A549,closestNterm_Vero,distFromClosest_Vero,within_10_AA_Vero,within_5_AA_Vero
B.1.1.1.7,S,H69-,69,637,-568,0,0,35,34,0,0
B.1.1.1.7,S,V70-,70,637,-567,0,0,35,35,0,0
B.1.1.1.7,S,Y144-,144,637,-493,0,0,35,109,0,0
B.1.1.1.7,S,N501Y,501,637,-136,0,0,637,-136,0,0
B.1.1.1.7,S,A570D,570,637,-67,0,0,637,-67,0,0
B.1.1.1.7,S,P681H,681,637,44,0,0,673,8,1,0
B.1.1.1.7,ORF1a,S3675-,3675,NaN,NaN,0,0,2876,799,0,0
B.1.1.1.7,ORF1a,G3676-,3676,NaN,NaN,0,0,2876,800,0,0
B.1.1.1.7,ORF1a,F3677-,3677,NaN,NaN,0,0,2876,801,0,0
B.1.1.1.7,N,R203K,203,154,49,0,0,210,-7,1,0
B.1.1.1.7,N,G204R,204,154,50,0,0,210,-6,1,0
B.1.1.1.7,ORF8,Q27*,27,NaN,NaN,0,0,103,-76,0,0
B.1.351,S,D80A,80,637,-557,0,0,35,45,0,0
B.1.351,S,D215G,215,637,-422,0,0,260,-45,0,0
B.1.351,S,L241-,241,637,-396,0,0,260,-19,0,0
B.1.351,S,L242-,242,637,-395,0,0,260,-18,0,0
B.1.351,S,A243-,243,637,-394,0,0,260,-17,0,0
B.1.351,S,L417N,417,637,-220,0,0,320,97,0,0
B.1.351,S,E484K,484,637,-153,0,0,637,-153,0,0
B.1.351,S,N501Y,501,637,-136,0,0,637,-136,0,0
B.1.351,S,A701V,701,637,64,0,0,673,28,0,0
B.1.351,ORF1a,S3675-,3675,NaN,NaN,0,0,2876,799,0,0
B.1.351,ORF1a,G3676-,3676,NaN,NaN,0,0,2876,800,0,0
B.1.351,ORF1a,G3677-,3677,NaN,NaN,0,0,2876,801,0,0
B.1.351,N,T205I,205,154,51,0,0,210,-5,1,1
B.1.351,E,P71L,71,NaN,NaN,0,0,NaN,NaN,0,0
P.1,S,L18F,18,637,-619,0,0,14,4,1,1
P.1,S,K417T,417,637,-220,0,0,320,97,0,0
P.1,S,E484K,484,637,-153,0,0,637,-153,0,0
P.1,S,N501Y,501,637,-136,0,0,637,-136,0,0
P.1,S,H655Y,655,637,18,0,0,637,18,0,0
P.1,ORF1a,S3675-,3675,NaN,NaN,0,0,2876,799,0,0
P.1,ORF1a,S3676-,3676,NaN,NaN,0,0,2876,800,0,0
P.1,ORF1a,S3677-,3677,NaN,NaN,0,0,2876,801,0,0
P.1,N,P80R,80,78,2,1,1,79,1,1,1
P.1,N,R203K,203,154,49,0,0,210,-7,1,0
P.1,N,G204R,204,154,50,0,0,210,-6,1,0
B.1.427/9,S,S13I,13,637,-624,0,0,14,-1,1,1
B.1.427/9,S,W152C,152,637,-485,0,0,260,-108,0,0
B.1.427/9,S,L452R,452,637,-185,0,0,320,132,0,0
B.1.427/9,ORF1a,I4205V,4205,NaN,NaN,0,0,2876,1329,0,0
B.1.427/9,ORF1b,D1183Y,1183,1,1182,0,0,1,1182,0,0
B.1.526,S,L5F,5,637,-632,0,0,14,-9,1,0
B.1.526,S,T95I,95,637,-542,0,0,35,60,0,0
B.1.526,S,D253G,253,637,-384,0,0,260,-7,1,0
B.1.526,S,E484K,484,637,-153,0,0,637,-153,0,0
B.1.526,S,A701V,701,637,64,0,0,673,28,0,0
B.1.526,ORF1b,Q1011H,1011,1,1010,0,0,1,1010,0,0
B.1.526,ORF3a,P42L,42,16,26,0,0,22,20,0,0
B.1.526,ORF1a,S3675-,3675,NaN,NaN,0,0,2876,799,0,0
B.1.526,ORF1a,S3676-,3676,NaN,NaN,0,0,2876,800,0,0
B.1.526,ORF1a,S3677-,3677,NaN,NaN,0,0,2876,801,0,0
B.1.526,N,P199L,199,154,45,0,0,210,-11,0,0
B.1.526,N,M234I,234,263,-29,0,0,249,-15,0,0
B.1.526,ORF8,T11I,11,NaN,NaN,0,0,103,-92,0,0
B.1.525,S,A67V,67,637,-570,0,0,35,32,0,0
B.1.525,S,H69-,69,637,-568,0,0,35,34,0,0
B.1.525,S,V70-,70,637,-567,0,0,35,35,0,0
B.1.525,S,Y144-,144,637,-493,0,0,35,109,0,0
B.1.525,S,E484K,484,637,-153,0,0,637,-153,0,0
B.1.525,S,Q677H,677,637,40,0,0,673,4,1,1
B.1.525,S,F888L,888,637,251,0,0,673,215,0,0
B.1.525,N,S2-,2,17,-15,0,0,17,-15,0,0
B.1.525,N,D3Y,3,17,-14,0,0,17,-14,0,0
B.1.525,N,A12G,12,17,-5,1,1,17,-5,1,1
B.1.525,ORF1a,S3675-,3675,NaN,NaN,0,0,2876,799,0,0
B.1.525,ORF1a,S3676-,3676,NaN,NaN,0,0,2876,800,0,0
B.1.525,ORF1a,S3677-,3677,NaN,NaN,0,0,2876,801,0,0
